"date","nusuarios","ntrials","nusuariosnuevos","ntrialsnuevos","ntrialsservidor"
1505009426.831693,7645,2168613,1,359,1787829
1505075298.773379,7673,2178728,28,10115,1797951
1505090933.677344,7684,2182013,11,3285,1801241
1505094768.813739,7687,2182570,3,557,1801799
1505098380.273021,7690,2183700,3,1130,1802929
1505101944.45923,7694,2184196,4,496,1803425
1505105524.314663,7698,2184663,4,467,1803893
1505109130.642712,7699,2185184,1,521,1804414
1505112728.607932,7699,2185309,0,125,1804539
1505116326.468296,7699,2185452,0,143,1804682
1505119930.527213,7699,2185645,0,193,1804875
1505127176.525787,7699,2185841,0,196,1805071
1505130757.533386,7699,2187091,0,1250,1806321
1505223053.494079,7728,2199718,29,12627,1818970
1505225344.713942,7729,2200094,1,376,1819347
1505251835.693997,7738,2204082,9,3988,1823336
1505258594.067153,7742,2205227,4,1145,1824488
1505262107.733046,7748,2206839,6,1612,1826100
1505265713.052158,7749,2207790,1,951,1827053
1505269370.253126,7753,2209311,4,1521,1828568
1505272931.858609,7755,2210643,2,1332,1829893
1505276552.723785,7755,2211155,0,512,1830424
1505280025.600746,7755,2211245,0,90,1830514
1505283633.735892,7756,2211344,1,99,1830613
1505287231.877567,7756,2211445,0,101,1830714
1505290829.066437,7756,2211727,0,282,1830996
1505294429.15093,7756,2211776,0,49,1831045
1505298052.40524,7756,2211864,0,88,1831133
1505301690.685102,7758,2212449,2,585,1831678
1505326941.264102,7763,2216543,5,4094,1835810
1505330488.939468,7766,2217388,3,845,1836663
1505334130.805421,7768,2218902,2,1514,1838178
1505337706.200108,7769,2219775,1,873,1839052
1505341308.048287,7772,2220630,3,855,1839888
1505344946.522763,7772,2221692,0,1062,1840970
1505348431.704404,7773,2222625,1,933,1841903
1505352065.081095,7776,2223561,3,936,1842823
1505355650.044842,7779,2223967,3,406,1843249
1505359237.679473,7783,2224450,4,483,1843732
1505362842.678196,7786,2224835,3,385,1844118
1505366442.056498,7787,2225250,1,415,1844533
1505370041.786062,7789,2225688,2,438,1844968
1505373649.505408,7789,2226213,0,525,1845497
1505377238.745665,7789,2226234,0,21,1845518
1505380860.954493,7789,2226285,0,51,1845569
1505388078.12928,7789,2226588,0,303,1845872
1505391677.514071,7790,2227142,1,554,1846424
1505395260.652456,7791,2227520,1,378,1846805
1505424272.132398,7800,2232845,9,5325,1852127
1505431265.463962,7805,2234583,5,1738,1853879
1505434890.327796,7806,2235430,1,847,1854719
1505442109.664916,7807,2236694,1,1264,1855996
1505445705.276933,7809,2237696,2,1002,1856964
1505452893.598335,7812,2238511,3,815,1857815
1505456490.378745,7815,2239189,3,678,1858493
1505460106.968348,7815,2239334,0,145,1858638
1505478149.247814,7815,2240744,0,1410,1860030
1505481630.457352,7819,2241585,4,841,1860879
1505485273.720365,7822,2242301,3,716,1861607
1505499718.589402,7833,2246551,11,4250,1865863
1505503310.65704,7841,2248937,8,2386,1868241
1505517785.755315,7846,2251714,5,2777,1871021
1505542887.230219,7855,2255238,9,3524,1874555
1505546437.788847,7856,2255367,1,129,1874684
1505550040.242062,7856,2255387,0,20,1874704
1505553655.479284,7858,2255592,2,205,1874909
1505560908.923221,7860,2256653,2,1061,1875972
1505564456.039041,7861,2257035,1,382,1876355
1505568050.847093,7862,2257154,1,119,1876474
1505571706.304694,7864,2257845,2,691,1877165
1505578909.888454,7869,2259410,5,1565,1878733
1505582487.271475,7870,2260206,1,796,1879530
1505586077.244453,7871,2260465,1,259,1879790
1505589746.848695,7875,2261279,4,814,1880595
1505593244.263163,7877,2262059,2,780,1881383
1505596838.338608,7878,2263113,1,1054,1882439
1505600430.840403,7878,2263699,0,586,1883017
1505604033.537075,7881,2264173,3,474,1883499
1505607649.473391,7883,2264791,2,618,1884118
1505611256.440233,7886,2265303,3,512,1884630
1505614936.262138,7886,2265890,0,587,1885217
1505618494.73516,7889,2266528,3,638,1885855
1505622070.264956,7890,2267007,1,479,1886335
1505625681.063654,7891,2267457,1,450,1886774
1505629269.918485,7895,2267931,4,474,1887259
1505632857.376791,7895,2267964,0,33,1887292
1505636459.555102,7895,2267984,0,20,1887312
1505640062.398686,7896,2268016,1,32,1887344
1505723217.071323,7934,2282540,30,11872,1901874
1505726440.412096,7934,2282608,0,68,1901951
1505730066.180342,7934,2282844,0,236,1902187
1505733671.111603,7934,2283326,0,482,1902670
1505737275.295461,7935,2283631,1,305,1902976
1505740854.31249,7936,2283826,1,195,1903171
1505755319.052549,7939,2286595,3,2769,1905941
1505758891.057314,7941,2286998,2,403,1906345
1505762491.027301,7944,2288131,3,1133,1907475
1505766117.549573,7949,2288847,5,716,1908174
1505769709.921701,7955,2290337,6,1490,1909676
1505773390.878646,7958,2291310,3,973,1910640
1505780467.274348,7961,2292523,3,1213,1911875
1505784068.163387,7965,2293352,4,829,1912706
1505787651.253764,7968,2294261,3,909,1913616
1505791259.45073,7969,2295142,1,881,1914498
1505794865.100225,7974,2295869,5,727,1915226
1505798447.875754,7974,2296154,0,285,1915511
1505802046.908224,7974,2296247,0,93,1915604
1505805648.966799,7974,2296282,0,35,1915639
1505809245.849724,7974,2296302,0,20,1915660
1505812855.180694,7975,2296462,1,160,1915820
1505820117.759014,7976,2297231,1,769,1916591
1505823662.94086,7976,2297442,0,211,1916802
1505827306.739025,7979,2297832,3,390,1917193
1505830917.958135,7979,2297880,0,48,1917241
1505841763.420584,7987,2300221,8,2341,1919574
1505845389.054651,7989,2301447,2,1226,1920789
1505848854.583421,7992,2302315,3,868,1921680
1505852483.796333,7992,2302819,0,504,1922153
1505856071.099754,7994,2304106,2,1287,1923473
1505859687.787102,7998,2305990,4,1884,1925342
1505863315.680682,7998,2306607,0,617,1925936
1505866925.242204,7998,2307069,0,462,1926438
1505870515.191029,7999,2307366,1,297,1926737
1505874093.506105,8001,2308004,2,638,1927375
1505877683.047449,8003,2308752,2,748,1928121
1505881287.247432,8004,2309659,1,907,1929020
1505884888.365544,8005,2310131,1,472,1929508
1505888479.140555,8005,2310191,0,60,1929558
1505892081.017704,8005,2310283,0,92,1929660
1505895688.807815,8006,2310396,1,113,1929773
1505899358.721187,8007,2310746,1,350,1930124
1505910034.181857,8009,2312411,2,1665,1931790
1505913670.263228,8009,2312777,0,366,1932156
1505928120.936598,8016,2315041,7,2264,1934423
1505931702.413209,8018,2315533,2,492,1934915
1505938881.810101,8020,2316698,2,1165,1936081
1505942480.346237,8022,2318094,2,1396,1937478
1505946117.723438,8024,2318698,2,604,1938085
1505949683.216484,8026,2319176,2,478,1938563
1505953301.681246,8027,2320224,1,1048,1939614
1505956960.057938,8028,2320973,1,749,1940366
1505960435.870532,8029,2321495,1,522,1940888
1505964047.428749,8030,2322134,1,639,1941528
1505967630.392616,8033,2322910,3,776,1942304
1505971230.330071,8033,2323302,0,392,1942696
1505974829.913125,8035,2323536,2,234,1942930
1505978430.141815,8035,2323537,0,1,1942932
1505982033.790698,8043,2323847,8,310,1943243
1505985639.238506,8055,2324212,12,365,1943608
1506014639.879582,8091,2331168,36,6956,1950571
1506025331.805534,8112,2335211,21,4043,1954603
1506028885.351044,8118,2336256,6,1045,1955649
1506032467.193158,8119,2337289,1,1033,1956694
1506036071.400037,8119,2338170,0,881,1957576
1506039668.065468,8120,2338489,1,319,1957884
1506043311.112879,8121,2338676,1,187,1958076
1506046894.057366,8126,2339511,5,835,1958919
1506050486.310306,8128,2340222,2,711,1959631
1506054083.197426,8128,2340398,0,176,1959807
1506057726.987201,8129,2340652,1,254,1960061
1506061218.237011,8129,2340784,0,132,1960193
1506064813.722867,8129,2340843,0,59,1960252
1506068417.239212,8129,2340985,0,142,1960394
1506072017.967813,8129,2341028,0,43,1960437
1506082852.528334,8129,2341933,0,905,1961344
1506086450.805041,8131,2342638,2,705,1962050
1506119049.801441,8165,2350921,34,8283,1970350
1506122442.316149,8167,2352383,2,1462,1971812
1506126034.915813,8168,2353255,1,872,1972689
1506129709.101952,8172,2354409,4,1154,1973843
1506133267.433973,8174,2354822,2,413,1974257
1506136846.464551,8177,2355173,3,351,1974609
1506140454.773765,8178,2355851,1,678,1975287
1506144048.220043,8178,2355851,0,0,1975287
1506147655.706843,8179,2356094,1,243,1975531
1506151258.106245,8179,2356266,0,172,1975703
1506154978.622436,8179,2356275,0,9,1975712
1506158458.286938,8181,2356620,2,345,1976057
1506162359.668287,8181,2356682,0,62,1976099
1506165694.562496,8181,2356984,0,302,1976421
1506169268.037377,8182,2357117,1,133,1976555
1506172864.312607,8183,2357588,1,471,1977029
1506176506.444931,8184,2358581,1,993,1978018
1506183697.099233,8186,2359959,2,1378,1979382
1506187464.017744,8187,2360863,1,904,1980305
1506190889.817093,8190,2361905,3,1042,1981328
1506194702.303059,8191,2362759,1,854,1982202
1506198034.344746,8193,2363296,2,537,1982741
1506201650.588312,8194,2364413,1,1117,1983859
1506205253.685505,8196,2364976,2,563,1984412
1506208862.340583,8196,2365932,0,956,1985379
1506212461.665176,8197,2366517,1,585,1985965
1506216122.169485,8200,2367673,3,1156,1987122
1506219676.670535,8202,2367837,2,164,1987286
1506223293.660563,8204,2368623,2,786,1988072
1506226879.395377,8206,2368858,2,235,1988308
1506230476.20821,8207,2369008,1,150,1988459
1506234078.477962,8208,2369201,1,193,1988652
1506237685.052571,8209,2369511,1,310,1988962
1506241284.67108,8209,2369680,0,169,1989131
1506244890.842215,8209,2369908,0,228,1989359
1506248541.454477,8209,2369958,0,50,1989409
1506252141.307347,8210,2370192,1,234,1989643
1506255690.154219,8210,2370232,0,40,1989683
1506259293.762393,8210,2370340,0,108,1989791
1506262971.952286,8210,2370596,0,256,1990047
1506270046.396739,8214,2371679,4,1083,1991130
1506273641.699305,8214,2372570,0,891,1992022
1506277243.75314,8215,2373055,1,485,1992506
1506280847.344102,8217,2373600,2,545,1993052
1506284457.144462,8217,2374606,0,1006,1994050
1506288067.683018,8224,2375644,7,1038,1995100
1506291662.831534,8225,2376106,1,462,1995562
1506295261.623059,8226,2376538,1,432,1995994
1506302504.174802,8228,2378106,2,1568,1997566
1506306093.952586,8230,2378722,2,616,1998185
1506309679.68774,8232,2378941,2,219,1998405
1506313295.782852,8237,2380026,5,1085,1999471
1506316890.146282,8237,2380190,0,164,1999655
1506320484.75186,8237,2380218,0,28,1999683
1506324195.261071,8238,2383727,1,3509,2003192
1506327652.120108,8238,2384050,0,323,2003507
1506331249.109831,8239,2384089,1,39,2003555
1506334847.002526,8240,2384271,1,182,2003737
1506338484.223708,8241,2384843,1,572,2004310
1506342072.066422,8241,2385025,0,182,2004492
1506381893.640207,8250,2390659,9,5634,2010132
1506385243.081362,8251,2391560,1,901,2011037
1506388877.446307,8252,2392523,1,963,2011981
1506392448.303121,8255,2393150,3,627,2012628
1506396054.571373,8256,2393993,1,843,2013457
1506399665.551445,8258,2395449,2,1456,2014929
1506403261.414769,8260,2396170,2,721,2015651
1506406865.050268,8261,2396354,1,184,2015835
1506410466.555174,8262,2396655,1,301,2016136
1506414065.469958,8262,2396711,0,56,2016192
1506417714.314928,8262,2396856,0,145,2016318
1506421277.651667,8262,2397163,0,307,2016645
1506424881.282695,8263,2397412,1,249,2016896
1506570196.511237,8457,2446129,174,48717,2065641
1506572539.572227,8459,2447311,2,1182,2066832
1506811295.861324,8541,2487282,82,39971,2106836
1506839111.838042,8556,2494234,15,6952,2113820
1506842510.259522,8556,2494234,0,0,2113820
1506846104.405439,8558,2494576,2,342,2114162
1506853347.742318,8561,2495262,3,686,2114848
1506860567.305643,8563,2496176,2,914,2115742
1506921961.276907,8586,2507082,23,10906,2126689
1506925330.411987,8587,2507593,1,511,2127200
1506928951.234433,8587,2507613,0,20,2127220
1506932562.763498,8587,2507732,0,119,2127339
1507091729.866753,8628,2535691,41,27959,2155338
1507098146.005642,8630,2536147,2,456,2155794
1507101736.025492,8630,2536173,0,26,2155820
1507105330.602809,8631,2536193,1,20,2155840
1507108959.7853,8631,2536259,0,66,2155906
1507148932.612533,8648,2542012,17,5753,2161593
1507152280.298605,8650,2543061,2,1049,2162695
1507155703.311258,8651,2543374,1,313,2163029
1507159505.636099,8653,2544243,2,869,2163899
1507163082.671883,8653,2544453,0,210,2164109
1507166715.213211,8654,2545437,1,984,2165076
1507170165.774027,8656,2545919,2,482,2165558
1507173737.859997,8658,2546263,2,344,2165922
1507177504.45353,8660,2546755,2,492,2166414
1507180947.59054,8662,2547544,2,789,2167204
1507184568.239661,8663,2547983,1,439,2167643
1507188146.464806,8663,2548381,0,398,2168042
1507191736.22959,8664,2548447,1,66,2168108
1507195513.436444,8665,2548745,1,298,2168406
1507202718.516832,8665,2549040,0,295,2168701
1507206159.638445,8665,2549089,0,49,2168750
1507209771.360646,8665,2549176,0,87,2168837
1507213537.30635,8665,2549936,0,760,2169597
1507217205.688069,8665,2550526,0,590,2170147
1507231493.008408,8672,2552668,7,2142,2172311
1507242310.984266,8676,2556392,4,3724,2176055
1507245906.627108,8676,2556900,0,508,2176548
1507249522.141126,8678,2557580,2,680,2177204
1507253084.958161,8679,2558566,1,986,2178231
1507256519.606062,8679,2558783,0,217,2178449
1507260270.671266,8681,2559208,2,425,2178869
1507263725.017232,8682,2559289,1,81,2178956
1507267315.809169,8682,2559616,0,327,2179283
1507270910.619398,8682,2560050,0,434,2179717
1507274507.31693,8683,2560282,1,232,2179949
1507278106.576748,8683,2560315,0,33,2179982
1507281911.059973,8683,2560425,0,110,2180092
1507289026.654372,8684,2560645,1,220,2180276
1507292459.638723,8684,2560797,0,152,2180466
1507296055.95277,8684,2561229,0,432,2180900
1507307094.856466,8692,2563077,8,1848,2182630
1507317893.710448,8696,2564797,4,1720,2184473
1507321503.926223,8696,2565670,0,873,2185330
1507325115.178606,8698,2566341,2,671,2185996
1507328560.13121,8699,2566787,1,446,2186465
1507332307.650734,8699,2567425,0,638,2187051
1507335895.269505,8699,2567695,0,270,2187370
1507339510.558089,8700,2568033,1,338,2187670
1507342958.771081,8701,2568571,1,538,2188255
1507346573.932887,8703,2569085,2,514,2188770
1507350156.635744,8704,2569585,1,500,2189262
1507353748.820051,8704,2570043,0,458,2189712
1507357343.61923,8705,2570256,1,213,2189945
1507360947.611037,8706,2570306,1,50,2189995
1507364600.559024,8706,2570317,0,11,2190006
1507368094.811734,8707,2570358,1,41,2190047
1507371856.848598,8708,2571029,1,671,2190661
1507375443.442339,8708,2571126,0,97,2190815
1507379049.131817,8709,2571365,1,239,2191055
1507382637.903268,8711,2572003,2,638,2191667
1507386259.489229,8712,2572493,1,490,2192164
1507396937.262862,8719,2574539,7,2046,2194222
1507400535.354681,8720,2575414,1,875,2195108
1507404155.65529,8723,2576257,3,843,2195910
1507407907.29013,8724,2576948,1,691,2196622
1507411518.87991,8727,2577271,3,323,2196928
1507415118.796239,8728,2578539,1,1268,2198228
1507418716.33182,8731,2579031,3,492,2198701
1507422310.639416,8731,2579782,0,751,2199481
1507425951.853684,8733,2580255,2,473,2199929
1507429388.973151,8733,2580427,0,172,2200128
1507432990.746958,8733,2580621,0,194,2200270
1507436452.67737,8734,2580931,1,310,2200632
1507440051.914328,8736,2581496,2,565,2201197
1507443657.197182,8737,2582036,1,540,2201738
1507447248.22572,8738,2582125,1,89,2201827
1507450854.256709,8738,2582194,0,69,2201896
1507454445.783024,8738,2582197,0,3,2201900
1507458217.684756,8739,2582279,1,82,2201982
1507461808.123429,8739,2582313,0,34,2202016
1507465246.613306,8739,2582348,0,35,2202034
1507469011.806285,8740,2582799,1,451,2202483
1507472616.143993,8743,2583107,3,308,2202679
1507476233.757515,8744,2583485,1,378,2203191
1507479837.806753,8747,2584260,3,775,2203946
1507483424.222866,8750,2584659,3,399,2204348
1507487025.222611,8751,2584940,1,281,2204630
1507490507.463423,8753,2586108,2,1168,2205807
1507497842.990376,8758,2587162,5,1054,2206803
1507501309.414388,8759,2587838,1,676,2207541
1507508737.660916,8768,2590422,9,2584,2210130
1507512204.712678,8768,2590758,0,336,2210474
1507515658.375703,8773,2591367,5,609,2211084
1507519272.312047,8774,2592024,1,657,2211687
1507522858.59269,8775,2592554,1,530,2212271
1507526455.243823,8775,2592675,0,121,2212392
1507530059.752476,8775,2592833,0,158,2212551
1507533654.259162,8777,2593006,2,173,2212724
1507537410.762339,8777,2593015,0,9,2212730
1507540867.514199,8777,2593133,0,118,2212852
1507548225.44566,8778,2593300,1,167,2212959
1507551698.518768,8778,2594196,0,896,2213915
1507555287.216051,8779,2594719,1,523,2214438
1507559085.42408,8779,2594768,0,49,2214467
1507562637.889325,8781,2595084,2,316,2214803
1507566241.821621,8782,2595527,1,443,2215227
1507573456.143469,8786,2596808,4,1281,2216529
1507580652.281565,8789,2597704,3,896,2217429
1507587854.040117,8794,2598661,5,957,2218386
1507591319.28949,8795,2599341,1,680,2219047
1507594933.522689,8796,2600218,1,877,2219945
1507602331.131171,8800,2601626,4,1408,2221313
1507605672.954531,8802,2602263,2,637,2221990
1507609410.055418,8803,2602947,1,684,2222665
1507612867.550618,8803,2603239,0,292,2222967
1507616487.509166,8805,2603807,2,568,2223535
1507620067.669436,8807,2603935,2,128,2223663
1507623672.997792,8807,2603935,0,0,2223663
1507627415.479163,8807,2603941,0,6,2223669
1507645456.522315,8810,2606298,3,2357,2226026
1507652659.779065,8812,2608150,2,1852,2227860
1507655533.243178,8814,2608684,2,534,2228415
1507656102.818057,8814,2608684,0,0,2228415
1507659726.0852,8815,2608923,1,239,2228654
1507663310.459264,8817,2609527,2,604,2229258
1507666910.167461,8817,2609748,0,221,2229479
1507786372.117034,8871,2627282,54,17534,2247009
1507789445.58101,8873,2627437,2,155,2247182
1507792905.851726,8873,2627437,0,0,2247182
1507796499.714388,8873,2627451,0,14,2247196
1507800256.978102,8873,2627451,0,0,2247196
1507803709.571868,8873,2627478,0,27,2247224
1507836364.54675,8888,2631595,15,4117,2251347
1507839821.108628,8888,2632099,0,504,2251854
1507846912.243464,8892,2633829,4,1730,2253567
1507850493.552371,8894,2634578,2,749,2254336
1507854078.440194,8898,2635102,4,524,2254861
1507857758.482273,8901,2635823,3,721,2255562
1507861362.866158,8907,2638279,6,2456,2258016
1507864926.999615,8911,2639549,4,1270,2259304
1507868516.848226,8914,2640088,3,539,2259850
1507872165.628985,8918,2640592,4,504,2260354
1507875638.918828,8919,2640672,1,80,2260434
1507879248.811366,8919,2640813,0,141,2260575
1507882840.064234,8919,2640813,0,0,2260575
1507886465.388643,8920,2640854,1,41,2260616
1507890209.395314,8920,2640996,0,142,2260753
1507893663.355439,8921,2641036,1,40,2260798
1507897266.508413,8922,2641130,1,94,2260892
1507900854.617559,8922,2641522,0,392,2261284
1507904486.762239,8924,2642542,2,1020,2262282
1507908226.828992,8926,2642812,2,270,2262572
1507911839.173074,8927,2643425,1,613,2263055
1507915295.595449,8928,2643892,1,467,2263665
1507918878.472449,8929,2644626,1,734,2264399
1507922485.573056,8931,2645262,2,636,2265035
1507926077.28086,8931,2645410,0,148,2265174
1507929698.248976,8933,2646158,2,748,2265935
1507933288.92787,8934,2646778,1,620,2266555
1507936888.254693,8935,2647048,1,270,2266821
1507940500.652487,8935,2647864,0,816,2267644
1507944103.611176,8939,2648530,4,666,2268312
1507947710.683622,8941,2649210,2,680,2268993
1507951316.979656,8941,2649988,0,778,2269765
1507954975.203101,8942,2650806,1,818,2270591
1507958448.154257,8945,2651201,3,395,2270987
1507962048.974165,8947,2651521,2,320,2271307
1507965642.976207,8947,2651521,0,0,2271307
1507969248.687425,8947,2651521,0,0,2271307
1507972853.122438,8947,2651768,0,247,2271555
1507976461.006169,8948,2651804,1,36,2271591
1507980072.430127,8948,2651933,0,129,2271720
1507983658.25087,8948,2652109,0,176,2271887
1507987254.921491,8948,2652258,0,149,2272045
1507990860.668658,8948,2652469,0,211,2272256
1507994499.436106,8949,2652717,1,248,2272504
1507998218.554207,8949,2652973,0,256,2272735
1508001667.596011,8949,2653309,0,336,2273097
1508005266.077632,8950,2653624,1,315,2273414
1508008888.240077,8953,2654475,3,851,2274266
1508012479.747105,8955,2655003,2,528,2274794
1508016079.127996,8955,2655342,0,339,2275133
1508019680.933191,8956,2655568,1,226,2275361
1508023279.287302,8958,2655996,2,428,2275790
1508026890.189536,8960,2657024,2,1028,2276816
1508030499.638992,8964,2657989,4,965,2277786
1508034102.725982,8967,2658584,3,595,2278381
1508037698.302893,8968,2659042,1,458,2278839
1508041310.114435,8970,2659557,2,515,2279356
1508048589.005679,8976,2660803,6,1246,2280603
1508052040.924887,8976,2660803,0,0,2280603
1508055639.702199,8976,2660803,0,0,2280603
1508059247.271621,8976,2660903,0,100,2280703
1508062998.376457,8976,2661054,0,151,2280854
1508066457.856135,8977,2661159,1,105,2280959
1508070068.070708,8977,2661224,0,65,2281024
1508073653.698176,8977,2661316,0,92,2281116
1508077264.388275,8978,2661669,1,353,2281455
1508081041.736035,8980,2663166,2,1497,2282810
1508084485.546471,8980,2663972,0,806,2283774
1508088087.802557,8981,2665212,1,1240,2285002
1508091690.337723,8983,2666158,2,946,2285961
1508095306.884685,8986,2667063,3,905,2286868
1508098899.705837,8987,2667584,1,521,2287389
1508102510.015041,8991,2668811,4,1227,2288618
1508106116.928344,8993,2669608,2,797,2289415
1508109779.652121,8996,2670239,3,631,2290047
1508113256.062364,8996,2670396,0,157,2290205
1508116854.394676,8996,2671352,0,956,2291159
1508120460.01333,8998,2672009,2,657,2291822
1508124072.035222,9002,2673231,4,1222,2293044
1508127676.191317,9004,2674009,2,778,2293816
1508131282.234617,9005,2674722,1,713,2294537
1508134877.460247,9006,2675003,1,281,2294818
1508138472.766053,9006,2675003,0,0,2294818
1508142076.304199,9006,2675105,0,102,2294920
1508145677.580589,9007,2675229,1,124,2295044
1508149432.650663,9007,2675276,0,47,2295091
1508152883.556425,9009,2675445,2,169,2295260
1508156488.178715,9010,2675574,1,129,2295389
1508174707.900546,9021,2679693,11,4119,2299396
1508178213.562203,9023,2681173,2,1480,2300995
1508181676.49483,9026,2682634,3,1461,2302456
1508185279.936836,9028,2683771,2,1137,2303596
1508188875.620388,9030,2684334,2,563,2304165
1508192481.531175,9034,2685079,4,745,2304913
1508196100.282456,9038,2686303,4,1224,2306137
1508199707.022605,9043,2687436,5,1133,2307270
1508203320.532948,9049,2688787,6,1351,2308622
1508206915.538266,9053,2689438,4,651,2309274
1508210595.94701,9057,2690952,4,1514,2310779
1508214068.083062,9061,2691924,4,972,2311762
1508217671.081369,9063,2692762,2,838,2312605
1508221269.106828,9064,2692946,1,184,2312789
1508224870.985961,9065,2693239,1,293,2313082
1508228470.137608,9065,2693239,0,0,2313082
1508232070.803737,9065,2693263,0,24,2313102
1508235669.232479,9065,2693431,0,168,2313274
1508239282.721551,9065,2693757,0,326,2313601
1508242892.324043,9066,2694027,1,270,2313859
1508250236.910723,9067,2694572,1,545,2314418
1508257482.13683,9074,2696074,7,1502,2315847
1508260929.630703,9075,2697896,1,1822,2317746
1508264663.157631,9076,2698468,1,572,2318294
1508268115.836799,9078,2698842,2,374,2318694
1508271870.921716,9080,2699165,2,323,2319017
1508275328.05427,9082,2699602,2,437,2319454
1508279133.591902,9084,2700392,2,790,2320246
1508282467.163429,9088,2701137,4,745,2320993
1508286071.714454,9092,2701985,4,848,2321844
1508289673.624761,9093,2702749,1,764,2322609
1508293279.651185,9097,2703519,4,770,2323379
1508296881.461407,9099,2704246,2,727,2324108
1508300480.011364,9101,2704513,2,267,2324375
1508304080.793015,9101,2704796,0,283,2324658
1508307685.852231,9101,2705248,0,452,2325112
1508311287.938662,9103,2705496,2,248,2325360
1508314886.0777,9103,2705611,0,115,2325475
1508318498.135433,9103,2705869,0,258,2325733
1508322105.946964,9104,2705921,1,52,2325785
1508325845.324686,9105,2706019,1,98,2325884
1508329458.139695,9107,2706295,2,276,2326160
1508332913.753655,9108,2706887,1,592,2326755
1508336663.344086,9110,2707123,2,236,2326971
1508340259.595804,9112,2707493,2,370,2327265
1508347499.784189,9116,2709915,4,2422,2329702
1508350982.472562,9119,2710600,3,685,2330470
1508354635.643704,9121,2712043,2,1443,2331918
1508358077.880178,9125,2712909,4,866,2332786
1508361684.527753,9125,2713699,0,790,2333576
1508365295.280023,9129,2714905,4,1206,2334784
1508368898.561819,9131,2715416,2,511,2335296
1508372509.346532,9134,2716969,3,1553,2336852
1508376108.024904,9135,2717746,1,777,2337630
1508379711.338587,9135,2718405,0,659,2338290
1508383320.856827,9136,2719262,1,857,2339147
1508386927.203226,9139,2719954,3,692,2339839
1508390595.00094,9143,2720349,4,395,2340224
1508394055.323377,9143,2720648,0,299,2340533
1508397653.611506,9143,2720832,0,184,2340717
1508401262.404985,9144,2721123,1,291,2341008
1508404853.818222,9145,2721143,1,20,2341028
1508408609.460771,9145,2721171,0,28,2341056
1508412075.304023,9146,2721725,1,554,2341610
1508415667.017979,9146,2721996,0,271,2341881
1508419278.324655,9147,2722930,1,934,2342816
1508423046.994837,9149,2723965,2,1035,2343852
1508430329.547838,9150,2724576,1,611,2344465
1508433872.99126,9153,2726008,3,1432,2345682
1508437320.889158,9154,2727454,1,1446,2347344
1508440907.731199,9154,2728346,0,892,2348238
1508444521.217938,9154,2729173,0,827,2349066
1508448182.24527,9157,2730125,3,952,2350021
1508451664.884388,9160,2731090,3,965,2350987
1508455267.6274,9162,2731715,2,625,2351612
1508458873.102331,9162,2732260,0,545,2352157
1508462516.838727,9165,2733561,3,1301,2353459
1508466087.119452,9165,2734225,0,664,2354125
1508469685.34152,9166,2734717,1,492,2354617
1508473294.652337,9167,2735307,1,590,2355209
1508476899.027483,9171,2735817,4,510,2355719
1508480503.364064,9172,2736389,1,572,2356291
1508484091.254416,9172,2736428,0,39,2356330
1508487690.558536,9172,2736474,0,46,2356376
1508491290.134486,9172,2736494,0,20,2356396
1508495057.496723,9172,2736627,0,133,2356529
1508498508.294131,9172,2737059,0,432,2356961
1508502108.20451,9173,2737665,1,606,2357569
1508505711.9539,9176,2738139,3,474,2358040
1508509469.118347,9177,2738328,1,189,2358234
1508516751.410603,9183,2740494,6,2166,2360397
1508520060.038599,9187,2740668,4,174,2360575
1508523664.802688,9191,2741088,4,420,2360996
1508527273.677789,9193,2741915,2,827,2361824
1508530885.970686,9196,2743361,3,1446,2363269
1508534478.747832,9196,2743934,0,573,2363847
1508538080.243219,9197,2744352,1,418,2364266
1508541692.326784,9199,2745054,2,702,2364972
1508545300.801841,9201,2746214,2,1160,2366132
1508548910.160912,9203,2747067,2,853,2366987
1508552509.369382,9206,2747882,3,815,2367798
1508556120.198788,9208,2748664,2,782,2368579
1508559724.178662,9209,2749328,1,664,2369244
1508563326.221815,9210,2749715,1,387,2369637
1508566928.341872,9210,2750009,0,294,2369931
1508570580.188186,9210,2750141,0,132,2370063
1508574052.34636,9211,2750167,1,26,2370089
1508577654.108136,9211,2750236,0,69,2370158
1508581406.946355,9211,2750438,0,202,2370164
1508584882.830444,9211,2750926,0,488,2370848
1508588474.996296,9212,2751712,1,786,2371635
1508592081.973216,9214,2752351,2,639,2372275
1508595684.557956,9219,2753155,5,804,2373081
1508599462.963415,9221,2754276,2,1121,2374203
1508603064.919422,9224,2755036,3,760,2374777
1508606681.046864,9230,2756210,6,1174,2376096
1508610121.325435,9232,2758131,2,1921,2378065
1508613721.73265,9234,2758877,2,746,2378812
1508617329.363718,9234,2759798,0,921,2379734
1508620982.842567,9235,2760373,1,575,2380309
1508624476.457467,9238,2761782,3,1409,2381718
1508628077.782696,9239,2762297,1,515,2382233
1508631686.187935,9242,2763618,3,1321,2383554
1508635289.132247,9244,2764251,2,633,2384187
1508638902.471088,9246,2765661,2,1410,2385597
1508642505.032703,9247,2766604,1,943,2386541
1508646105.482885,9249,2767432,2,828,2387369
1508649707.020286,9249,2767903,0,471,2387840
1508653312.084475,9250,2768172,1,269,2388110
1508656906.903592,9251,2768465,1,293,2388403
1508660526.346673,9254,2769273,3,808,2389211
1508664116.661485,9254,2769369,0,96,2389307
1508667874.949537,9254,2769425,0,56,2389363
1508671328.510103,9255,2769485,1,60,2389423
1508674924.254064,9257,2770022,2,537,2389946
1508678589.857943,9260,2770900,3,878,2390843
1508682089.009319,9260,2772396,0,1496,2392339
1508685831.006059,9261,2772732,1,336,2392676
1508689437.23405,9262,2773077,1,345,2393002
1508692888.965213,9264,2773999,2,922,2393945
1508696498.408532,9265,2774690,1,691,2394637
1508700095.53207,9266,2775246,1,556,2395193
1508703695.676735,9267,2775324,1,78,2395271
1508707299.323956,9270,2775720,3,396,2395667
1508710900.662973,9274,2776536,4,816,2396472
1508714504.904526,9275,2777301,1,765,2397250
1508718256.722185,9275,2777547,0,246,2397496
1508721720.185999,9278,2778739,3,1192,2398684
1508725323.354445,9278,2779200,0,461,2399150
1508728929.283032,9282,2779715,4,515,2399666
1508732580.950246,9284,2780074,2,359,2400009
1508736065.617299,9287,2780264,3,190,2400217
1508739668.196676,9288,2780829,1,565,2400783
1508743256.021744,9288,2780829,0,0,2400783
1508746856.503252,9288,2780829,0,0,2400783
1508750456.149849,9288,2780829,0,0,2400783
1508754213.846641,9288,2780944,0,115,2400898
1508757815.988498,9288,2781092,0,148,2401046
1508761272.83,9289,2781555,1,463,2401510
1508764875.728771,9290,2781998,1,443,2401953
1508768492.392323,9293,2782223,3,225,2402179
1508775856.434393,9295,2782495,2,272,2402440
1508779426.203729,9295,2782883,0,388,2402818
1508782886.536916,9297,2783502,2,619,2403453
1508786635.410025,9298,2784051,1,549,2404015
1508790100.727436,9298,2784443,0,392,2404408
1508793846.015761,9299,2784610,1,167,2404549
1508797302.426376,9303,2785456,4,846,2405421
1508800906.734317,9305,2786322,2,866,2406270
1508804506.444018,9308,2787046,3,724,2407013
1508808130.312866,9311,2788342,3,1296,2408310
1508811714.019784,9315,2788804,4,462,2408770
1508815323.569272,9315,2789342,0,538,2409310
1508818926.327975,9316,2789709,1,367,2409678
1508822526.026347,9318,2789839,2,130,2409808
1508826129.54398,9318,2789933,0,94,2409902
1508829776.400471,9319,2790033,1,100,2410002
1508833257.333925,9319,2790082,0,49,2410051
1508836853.311984,9319,2790093,0,11,2410063
1508840608.416217,9319,2790330,0,237,2410300
1508844210.595641,9319,2790408,0,78,2410378
1508847667.065466,9320,2790692,1,284,2410663
1508851265.277445,9320,2790719,0,27,2410690
1508854890.881573,9320,2791477,0,758,2411450
1508862243.449787,9321,2792951,1,1474,2412906
1508865833.443657,9321,2793332,0,381,2413308
1508869293.460121,9322,2793476,1,144,2413441
1508872884.757119,9322,2793670,0,194,2413648
1508876499.391882,9325,2794229,3,559,2414209
1508880100.996056,9327,2794826,2,597,2414806
1508883703.25318,9329,2795752,2,926,2415735
1508887309.245411,9330,2796710,1,958,2416695
1508890905.624187,9332,2797087,2,377,2417069
1508894528.875828,9334,2798140,2,1053,2418125
1508898122.43372,9335,2798944,1,804,2418929
1508901723.710569,9336,2799304,1,360,2419291
1508905332.511121,9340,2799916,4,612,2419893
1508908980.951218,9341,2800401,1,485,2420388
1508912467.98781,9342,2800726,1,325,2420713
1508916057.0264,9342,2800734,0,8,2420721
1508919655.291611,9342,2800734,0,0,2420721
1508923266.073743,9342,2800900,0,166,2420887
1508927010.001199,9342,2800900,0,0,2420887
1508930475.689725,9342,2801044,0,144,2421032
1508934084.049342,9342,2801569,0,525,2421559
1508937679.278819,9343,2802294,1,725,2422287
1508941300.525535,9344,2803143,1,849,2423126
1508948643.440843,9344,2803829,0,686,2423823
1508952086.349054,9344,2803956,0,127,2423953
1508955703.83998,9344,2804128,0,172,2424125
1508959320.48176,9344,2804742,0,614,2424740
1508962921.792933,9345,2805186,1,444,2425160
1508966516.718724,9346,2805326,1,140,2425325
1508970138.140759,9352,2807020,6,1694,2427021
1508973716.824364,9353,2807677,1,657,2427678
1508977313.356553,9354,2807898,1,221,2427889
1508980941.305271,9356,2809039,2,1141,2429043
1508984525.824302,9358,2809351,2,312,2429339
1508988187.555754,9363,2810129,5,778,2430113
1508991668.475501,9366,2810551,3,422,2430556
1508995268.53501,9367,2810632,1,81,2430637
1508998868.863378,9368,2810746,1,114,2430751
1509002466.095297,9368,2810754,0,8,2430759
1509006064.254016,9368,2810774,0,20,2430779
1509009659.736414,9368,2810774,0,0,2430779
1509013422.686478,9368,2810861,0,87,2430843
1510078643.545311,9723,2937795,263,104063,2616487
1510094913.858905,9822,3007545,99,61994,2618424
1510123127.758143,9838,3014901,16,7356,2626788
1510904537.94275,10135,3132866,297,117965,2744574
1510990396.438458,10176,3151046,41,18180,2762284
1511076276.731964,10208,3162545,32,11499,2773482
1511162619.6917,10245,3177367,37,14822,2788265
1511248979.818021,10275,3189635,30,12268,2801734
1511335500.665951,10315,3204873,40,15238,2815054
1511421785.659692,10347,3221739,32,16866,2832996
1511508357.481276,10371,3236033,24,14294,2846965
1511595243.444255,10393,3249655,22,13622,2861409
1511682005.598111,10431,3260811,38,11156,2872698
1511768542.342646,10454,3270762,23,9951,2882379
1511855441.559455,10484,3283160,30,12398,2894308
1512032276.643207,10612,3324152,128,40992,2936255
1512102208.893834,10667,3339850,27,7120,2952632
1512188792.960628,10716,3354429,49,14579,2967229
1512361839.15752,10797,3383274,81,28845,2996096
1512447907.84307,10839,3398264,42,14990,3011104
1512534502.353891,10902,3419362,63,21098,3032224
1512620734.021035,10941,3438371,39,19009,3051257
1512793792.663026,11001,3464076,60,25705,3077006
1512879842.318945,11038,3474917,37,10841,3087859
1512966172.938331,11060,3484752,22,9835,3097705
1515672277.65086,11958,3834458,898,349706,3447868
1515730990.369556,11998,3845275,40,10817,3458703
1515817413.451425,12036,3856628,38,11353,3470074
1516077366.701083,12156,3898098,120,41470,3511600
1516163092.963312,12197,3913642,41,15544,3527160
1516249488.243987,12244,3930820,47,17178,3544349
1516422349.282164,12312,3956295,40,15484,3579189
1516508732.354343,12367,3970472,55,14177,3593387
1516595045.767844,12402,3985838,35,15366,3608775
1516681544.131384,12442,4003058,40,17220,3626009
1516767950.691976,12504,4019916,62,16858,3642893
1516854251.478085,12541,4034680,37,14764,3657679
1516940705.082891,12592,4051953,51,17273,3674963
1517027065.739622,12657,4067395,65,15442,3690421
1517113530.666212,12713,4082726,56,15331,3705774
1517199921.550795,12751,4099556,38,16830,3722628
1517286125.669981,12828,4144172,36,8881,3741281
1517372797.145776,12893,4162667,65,18495,3759798
1517459215.690489,12938,4180285,45,17618,3777437
1517545586.123495,12995,4195180,57,14895,3792348
1517632062.156059,13046,4214963,51,19783,3812147
1517718542.018648,13093,4235002,47,20039,3832205
1517804992.643205,13148,4258398,55,23396,3855625
1517977601.45276,13252,4284698,64,19510,3895670
1518150852.038808,13369,4321318,117,36620,3932325
1518236741.010468,13440,4340741,71,19423,3951772
1518323323.063629,13532,4363553,92,22812,3974597
1518409776.155573,13629,4386284,97,22731,3997345
1518496224.305261,13712,4409433,83,23149,4020523
1518582581.884088,13786,4435788,74,26355,4046917
1519447027.60413,13936,4478348,150,42560,4089493
1519534011.923934,14138,4541708,202,63360,4152881
1519619087.011359,14347,4602736,38,10062,4213947
1519706669.602781,14572,4661312,225,58576,4272567
1519793018.354173,14742,4713270,170,51958,4324570
1519879146.87155,14903,4757789,161,44519,4369130
1519965523.681985,15031,4800904,128,43115,4412281
1520051993.701972,15171,4847853,140,46949,4459283
1520138123.527412,15294,4885616,123,37763,4497088
1520224750.250475,15421,4928801,127,43185,4540311
1520311064.137562,15556,4968206,135,39405,4579756
1520397345.606516,15669,5003790,113,35584,4615388
1520483772.861302,15810,5042542,141,38752,4654172
1520570149.945474,15920,5077447,110,34905,4689119
1520656780.861737,16052,5121632,132,44185,4733349
1520743135.453744,16179,5162051,127,40419,4773810
1520829286.012526,16301,5193843,122,31792,4805626
1520915989.997757,16481,5237803,180,43960,4849633
1521002437.563243,16648,5283773,167,45970,4895650
1521088896.836318,16794,5330867,146,47094,4942789
1521175141.182574,16951,5373969,157,43102,4985945
1521261416.66639,17072,5411243,121,37274,5023260
1521347703.946913,17191,5447580,119,36337,5059656
1521434297.738295,17331,5483214,140,35634,5095327
1521520711.713597,17462,5522515,131,39301,5134662
1521606922.743027,17593,5555900,131,33385,5168093
1521693369.382128,17675,5591950,82,36050,5204187
1521779747.859197,17779,5622847,104,30897,5235128
1521866179.288646,17867,5654239,88,31392,5266569
